{
  "H": {"color": [1.0, 1.0, 1.0], "radius": 0.31},
  "He": {"color": [0.8509803921568627, 1.0, 1.0], "radius": 0.28},
  "Li": {"color": [0.8, 0.5019607843137255, 1.0], "radius": 1.28},
  "Be": {"color": [0.7607843137254902, 1.0, 0.0], "radius": 0.96},
  "B": {"color": [1.0, 0.7098039215686275, 0.7098039215686275], "radius": 0.84},
  "C": {"color": [0.5647058823529412, 0.5647058823529412, 0.5647058823529412], "radius": 0.76},
  "N": {"color": [0.18823529411764706, 0.3137254901960784, 0.9725490196078431], "radius": 0.71},
  "O": {"color": [1.0, 0.050980392156862744, 0.050980392156862744], "radius": 0.66},
  "F": {"color": [0.5647058823529412, 0.8784313725490196, 0.3137254901960784], "radius": 0.57},
  "Ne": {"color": [0.7019607843137254, 0.8901960784313725, 0.9607843137254902], "radius": 0.58},
  "Na": {"color": [0.6705882352941176, 0.3607843137254902, 0.9490196078431372], "radius": 1.66},
  "Mg": {"color": [0.5411764705882353, 1.0, 0.0], "radius": 1.41},
  "Al": {"color": [0.7490196078431373, 0.6509803921568628, 0.6509803921568628], "radius": 1.21},
  "Si": {"color": [0.9411764705882353, 0.7843137254901961, 0.6274509803921569], "radius": 1.11},
  "P": {"color": [1.0, 0.5019607843137255, 0.0], "radius": 1.07},
  "S": {"color": [1.0, 1.0, 0.18823529411764706], "radius": 1.05},
  "Cl": {"color": [0.12156862745098039, 0.9411764705882353, 0.12156862745098039], "radius": 1.02},
  "Ar": {"color": [0.5019607843137255, 0.8196078431372549, 0.8901960784313725], "radius": 1.06},
  "K": {"color": [0.5607843137254902, 0.25098039215686274, 0.8313725490196079], "radius": 2.03},
  "Ca": {"color": [0.23921568627450981, 1.0, 0.0], "radius": 1.76},
  "Sc": {"color": [0.9019607843137255, 0.9019607843137255, 0.9019607843137255], "radius": 1.70},
  "Ti": {"color": [0.7490196078431373, 0.7607843137254902, 0.7803921568627451], "radius": 1.60},
  "V": {"color": [0.6509803921568628, 0.6509803921568628, 0.6705882352941176], "radius": 1.53},
  "Cr": {"color": [0.5411764705882353, 0.6, 0.7803921568627451], "radius": 1.39},
  "Mn": {"color": [0.611764705882353, 0.47843137254901963, 0.7803921568627451], "radius": 1.39},
  "Fe": {"color": [0.8784313725490196, 0.4, 0.2], "radius": 1.32},
  "Co": {"color": [0.9411764705882353, 0.5647058823529412, 0.6274509803921569], "radius": 1.26},
  "Ni": {"color": [0.3137254901960784, 0.8156862745098039, 0.3137254901960784], "radius": 1.24},
  "Cu": {"color": [0.7843137254901961, 0.5019607843137255, 0.2], "radius": 1.32},
  "Zn": {"color": [0.49019607843137253, 0.5019607843137255, 0.6901960784313725], "radius": 1.22},
  "Ga": {"color": [0.7607843137254902, 0.5607843137254902, 0.5607843137254902], "radius": 1.22},
  "Ge": {"color": [0.4, 0.5607843137254902, 0.5607843137254902], "radius": 1.20},
  "As": {"color": [0.7411764705882353, 0.5019607843137255, 0.8901960784313725], "radius": 1.19},
  "Se": {"color": [1.0, 0.6313725490196078, 0.0], "radius": 1.20},
  "Br": {"color": [0.6509803921568628, 0.1607843137254902, 0.1607843137254902], "radius": 1.20},
  "Kr": {"color": [0.3607843137254902, 0.7215686274509804, 0.8196078431372549], "radius": 1.16},
  "Rb": {"color": [0.4392156862745098, 0.1803921568627451, 0.6901960784313725], "radius": 2.20},
  "Sr": {"color": [0.0, 1.0, 0.0], "radius": 1.95},
  "Y": {"color": [0.5803921568627451, 1.0, 1.0], "radius": 1.90},
  "Zr": {"color": [0.5803921568627451, 0.8784313725490196, 0.8784313725490196], "radius": 1.75},
  "Nb": {"color": [0.45098039215686275, 0.7607843137254902, 0.788235294117647], "radius": 1.64},
  "Mo": {"color": [0.32941176470588235, 0.7098039215686275, 0.7098039215686275], "radius": 1.54},
  "Tc": {"color": [0.23137254901960785, 0.6196078431372549, 0.6196078431372549], "radius": 1.47},
  "Ru": {"color": [0.1411764705882353, 0.5607843137254902, 0.5607843137254902], "radius": 1.46},
  "Rh": {"color": [0.0392156862745098, 0.49019607843137253, 0.5490196078431373], "radius": 1.42},
  "Pd": {"color": [0.0, 0.4117647058823529, 0.5215686274509804], "radius": 1.39},
  "Ag": {"color": [0.7529411764705882, 0.7529411764705882, 0.7529411764705882], "radius": 1.45},
  "Cd": {"color": [1.0, 0.8509803921568627, 0.5607843137254902], "radius": 1.44},
  "In": {"color": [0.6509803921568628, 0.4588235294117647, 0.45098039215686275], "radius": 1.42},
  "Sn": {"color": [0.4, 0.5019607843137255, 0.5019607843137255], "radius": 1.39},
  "Sb": {"color": [0.6196078431372549, 0.38823529411764707, 0.7098039215686275], "radius": 1.39},
  "Te": {"color": [0.8313725490196079, 0.47843137254901963, 0.0], "radius": 1.38},
  "I": {"color": [0.5803921568627451, 0.0, 0.5803921568627451], "radius": 1.39},
  "Xe": {"color": [0.25882352941176473, 0.6196078431372549, 0.6901960784313725], "radius": 1.40},
  "Cs": {"color": [0.3411764705882353, 0.09019607843137255, 0.5607843137254902], "radius": 2.44},
  "Ba": {"color": [0.0, 0.788235294117647, 0.0], "radius": 2.15},
  "La": {"color": [0.4392156862745098, 0.8313725490196079, 1.0], "radius": 2.07},
  "Ce": {"color": [1.0, 1.0, 0.7803921568627451], "radius": 2.04},
  "Pr": {"color": [0.8509803921568627, 1.0, 0.7803921568627451], "radius": 2.03},
  "Nd": {"color": [0.7803921568627451, 1.0, 0.7803921568627451], "radius": 2.01},
  "Pm": {"color": [0.6392156862745098, 1.0, 0.7803921568627451], "radius": 1.99},
  "Sm": {"color": [0.5607843137254902, 1.0, 0.7803921568627451], "radius": 1.98},
  "Eu": {"color": [0.3803921568627451, 1.0, 0.7803921568627451], "radius": 1.98},
  "Gd": {"color": [0.27058823529411763, 1.0, 0.7803921568627451], "radius": 1.96},
  "Tb": {"color": [0.18823529411764706, 1.0, 0.7803921568627451], "radius": 1.94},
  "Dy": {"color": [0.12156862745098039, 1.0, 0.7803921568627451], "radius": 1.92},
  "Ho": {"color": [0.0, 1.0, 0.611764705882353], "radius": 1.92},
  "Er": {"color": [0.0, 0.9019607843137255, 0.4588235294117647], "radius": 1.89},
  "Tm": {"color": [0.0, 0.8313725490196079, 0.3215686274509804], "radius": 1.90},
  "Yb": {"color": [0.0, 0.7490196078431373, 0.2196078431372549], "radius": 1.87},
  "Lu": {"color": [0.0, 0.6705882352941176, 0.1411764705882353], "radius": 1.87},
  "Hf": {"color": [0.30196078431372547, 0.7607843137254902, 1.0], "radius": 1.75},
  "Ta": {"color": [0.30196078431372547, 0.6509803921568628, 1.0], "radius": 1.70},
  "W": {"color": [0.12941176470588237, 0.5803921568627451, 0.8392156862745098], "radius": 1.62},
  "Re": {"color": [0.14901960784313725, 0.49019607843137253, 0.6705882352941176], "radius": 1.51},
  "Os": {"color": [0.14901960784313725, 0.4, 0.5882352941176471], "radius": 1.44},
  "Ir": {"color": [0.09019607843137255, 0.32941176470588235, 0.5294117647058824], "radius": 1.41},
  "Pt": {"color": [0.8156862745098039, 0.8156862745098039, 0.8784313725490196], "radius": 1.36},
  "Au": {"color": [1.0, 0.8196078431372549, 0.13725490196078433], "radius": 1.36},
  "Hg": {"color": [0.7215686274509804, 0.7215686274509804, 0.8156862745098039], "radius": 1.32},
  "Tl": {"color": [0.6509803921568628, 0.32941176470588235, 0.30196078431372547], "radius": 1.45},
  "Pb": {"color": [0.3411764705882353, 0.34901960784313724, 0.3803921568627451], "radius": 1.46},
  "Bi": {"color": [0.6196078431372549, 0.30980392156862746, 0.7098039215686275], "radius": 1.48},
  "Po": {"color": [0.6705882352941176, 0.3607843137254902, 0.0], "radius": 1.40},
  "At": {"color": [0.4588235294117647, 0.30980392156862746, 0.27058823529411763], "radius": 1.50},
  "Rn": {"color": [0.25882352941176473, 0.5098039215686274, 0.5882352941176471], "radius": 1.50},
  "Fr": {"color": [0.25882352941176473, 0.0, 0.4], "radius": 2.60},
  "Ra": {"color": [0.0, 0.49019607843137253, 0.0], "radius": 2.21},
  "Ac": {"color": [0.4392156862745098, 0.6705882352941176, 0.9803921568627451], "radius": 2.15},
  "Th": {"color": [0.0, 0.7294117647058823, 1.0], "radius": 2.06},
  "Pa": {"color": [0.0, 0.6313725490196078, 1.0], "radius": 2.00},
  "U": {"color": [0.0, 0.5607843137254902, 1.0], "radius": 1.96},
  "Np": {"color": [0.0, 0.5019607843137255, 1.0], "radius": 1.90},